<?xml version="1.0" encoding="UTF-8"?>
<project-private xmlns="http://www.netbeans.org/ns/project-private/1">
    <editor-bookmarks xmlns="http://www.netbeans.org/ns/editor-bookmarks/2" lastBookmarkId="0"/>
    <open-files xmlns="http://www.netbeans.org/ns/projectui-open-files/2">
        <group>
            <file>file:/C:/Users/ar799/Desktop/Java%20EE%20Virtual%20Office%20Manager/DeskSavvy/web/images/search_bg.gif</file>
            <file>file:/C:/Users/ar799/Desktop/Java%20EE%20Virtual%20Office%20Manager/DeskSavvy/web/css/coin-slider.css</file>
            <file>file:/C:/Users/ar799/Desktop/Java%20EE%20Virtual%20Office%20Manager/DeskSavvy/web/images/content1.jpeg</file>
            <file>file:/C:/Users/ar799/Desktop/Java%20EE%20Virtual%20Office%20Manager/DeskSavvy/web/images/slide1.jpg</file>
            <file>file:/C:/Users/ar799/Desktop/Java%20EE%20Virtual%20Office%20Manager/DeskSavvy/web/images/menu_bg.gif</file>
            <file>file:/C:/Users/ar799/Desktop/Java%20EE%20Virtual%20Office%20Manager/DeskSavvy/web/images/search.gif</file>
            <file>file:/C:/Users/ar799/Desktop/Java%20EE%20Virtual%20Office%20Manager/DeskSavvy/web/images/overlay.png</file>
            <file>file:/C:/Users/ar799/Desktop/Java%20EE%20Virtual%20Office%20Manager/DeskSavvy/web/css/style.css</file>
            <file>file:/C:/Users/ar799/Desktop/Java%20EE%20Virtual%20Office%20Manager/DeskSavvy/web/images/footer_bg.gif</file>
            <file>file:/C:/Users/ar799/Desktop/Java%20EE%20Virtual%20Office%20Manager/DeskSavvy/web/images/li.gif</file>
        </group>
    </open-files>
</project-private>
